2015,2,1,1.900000,-0.400000,0.787500,75.000000,22.921486
2015,2,2,6.200000,-3.900000,1.762500,77.250000,13.643790
2015,2,3,7.800000,2.000000,4.237500,72.750000,33.252182
2015,2,4,8.500000,-1.200000,3.037500,65.875000,58.971275
2015,2,5,7.900000,-3.600000,1.862500,55.375000,37.670245
2015,2,6,10.000000,-2.100000,3.112500,58.000000,53.447415
2015,2,7,8.700000,-1.900000,4.587500,63.125000,40.578960
2015,2,8,3.800000,-2.800000,-0.000000,49.000000,38.994409
2015,2,9,6.400000,-5.600000,0.162500,49.750000,2.147608
2015,2,10,11.500000,-2.800000,4.350000,52.875000,16.105831
2015,2,11,14.700000,1.700000,7.387500,55.250000,7.021362
2015,2,12,13.400000,-2.200000,5.537500,58.625000,-8.231917
2015,2,13,15.400000,0.700000,7.050000,61.625000,1.555997
2015,2,14,18.600000,2.800000,11.725000,59.875000,18.248401
2015,2,15,12.600000,10.300000,11.350000,95.750000,15.383006
2015,2,16,12.900000,4.500000,8.862500,90.000000,36.116535
2015,2,17,15.400000,0.900000,7.625000,71.875000,21.387765
2015,2,18,9.100000,2.200000,5.400000,69.000000,20.237778
2015,2,19,10.900000,0.200000,5.825000,66.000000,37.276584
2015,2,20,6.100000,4.200000,5.250000,96.625000,38.983641
2015,2,21,5.800000,1.900000,4.212500,91.875000,2.233090
2015,2,22,7.000000,-0.900000,3.825000,93.125000,11.621180
2015,2,23,10.200000,2.600000,6.600000,81.500000,14.237932
2015,2,24,13.100000,2.300000,7.850000,83.125000,43.330115
2015,2,25,11.800000,7.600000,9.050000,86.625000,34.470646
2015,2,26,11.600000,5.500000,8.762500,58.750000,-3.745307
2015,2,27,6.800000,1.900000,4.987500,73.125000,8.984462
2015,2,28,2.300000,0.100000,1.162500,91.625000,2.609171
2015,3,1,11.100000,-0.200000,4.725000,78.625000,4.632995
2015,3,2,10.900000,2.600000,7.162500,75.875000,24.463547
2015,3,3,10.900000,5.200000,8.400000,54.500000,17.134347
2015,3,4,4.800000,0.300000,2.350000,52.000000,21.420804
2015,3,5,5.000000,1.100000,3.087500,61.625000,18.733776
2015,3,6,7.100000,-0.300000,3.912500,76.000000,13.812459
2015,3,7,10.600000,0.200000,5.775000,79.500000,5.215600
2015,3,8,11.800000,2.700000,7.062500,81.250000,20.786967
2015,3,9,11.900000,2.700000,6.200000,79.500000,28.736315
2015,3,10,7.100000,-0.200000,3.312500,51.625000,20.148354
2015,3,11,12.500000,-1.100000,6.012500,60.250000,37.196219
2015,3,12,17.400000,1.900000,9.875000,69.125000,15.506099
2015,3,13,18.000000,5.800000,11.662500,78.125000,-0.432021
2015,3,14,12.300000,6.400000,9.137500,75.125000,30.963895
2015,3,15,13.800000,4.300000,9.862500,88.375000,32.774904
2015,3,16,15.500000,10.600000,12.275000,89.750000,49.087258
2015,3,17,13.500000,10.100000,12.100000,98.875000,50.428394
2015,3,18,10.500000,8.000000,9.262500,96.250000,54.365942
2015,3,19,12.900000,7.600000,10.325000,89.375000,27.749506
2015,3,20,17.200000,7.600000,12.487500,81.500000,31.819156
2015,3,21,20.100000,8.500000,14.250000,81.875000,65.782693
2015,3,22,21.400000,8.400000,14.687500,74.250000,13.984067
2015,3,23,14.100000,7.900000,10.525000,74.875000,36.245901
2015,3,24,16.500000,6.100000,10.712500,66.375000,47.066407
2015,3,25,17.700000,7.800000,12.114286,56.428571,59.517896
2015,3,26,14.800000,8.400000,11.375000,70.750000,61.917275
2015,3,27,17.300000,10.300000,12.900000,82.250000,63.254699
2015,3,28,20.500000,10.900000,14.875000,81.250000,41.443529
2015,3,29,22.400000,11.900000,16.125000,85.000000,61.025800
2015,3,30,22.900000,14.200000,18.150000,84.500000,32.765446
2015,3,31,28.300000,17.000000,22.814286,81.857143,20.642697
2015,4,1,20.500000,14.000000,16.050000,93.625000,44.778911
2015,4,2,15.500000,9.800000,11.675000,89.750000,12.468616
2015,4,3,11.900000,7.000000,10.237500,85.625000,28.589106
2015,4,4,10.700000,8.700000,9.825000,92.875000,51.301364
2015,4,5,11.300000,10.400000,10.937500,95.625000,49.799852
2015,4,6,13.000000,7.500000,10.287500,87.250000,61.529442
2015,4,7,7.300000,3.900000,5.637500,78.250000,43.195958
2015,4,8,11.800000,0.000000,6.237500,80.125000,30.926727
2015,4,9,15.400000,2.700000,9.862500,73.875000,49.822510
2015,4,10,18.400000,6.100000,12.200000,72.500000,48.544237
2015,4,11,20.500000,7.300000,14.525000,67.250000,39.117621
2015,4,12,18.300000,9.500000,13.037500,69.500000,51.677495
2015,4,13,10.300000,5.400000,7.775000,74.375000,67.815214
2015,4,14,19.400000,4.600000,11.787500,68.750000,66.307260
2015,4,15,22.100000,10.500000,16.525000,64.375000,91.897834
2015,4,16,22.100000,12.500000,16.837500,70.875000,55.417600
2015,4,17,23.000000,13.300000,17.987500,67.375000,67.494081
2015,4,18,23.800000,14.300000,19.275000,81.375000,51.581592
2015,4,19,18.000000,11.100000,14.725000,97.250000,59.068468
2015,4,20,17.900000,9.900000,13.450000,73.750000,37.870469
2015,4,21,19.200000,5.000000,12.975000,71.500000,38.866914
2015,4,22,24.600000,9.700000,17.937500,70.375000,47.383687
2015,4,23,27.400000,13.400000,20.350000,63.750000,35.601481
2015,4,24,27.500000,15.100000,21.300000,62.625000,41.305895
2015,4,25,27.100000,14.200000,21.287500,71.375000,48.630828
2015,4,26,28.000000,12.600000,20.600000,62.625000,41.249812
2015,4,27,27.100000,14.600000,21.062500,69.000000,34.260566
2015,4,28,29.100000,14.600000,21.275000,83.875000,14.654767
2015,4,29,23.000000,15.500000,18.600000,83.875000,41.132972
2015,4,30,26.200000,13.100000,19.925000,78.250000,52.810663
2015,5,1,28.600000,14.300000,22.200000,73.625000,40.661216
2015,5,2,20.700000,14.900000,18.250000,90.125000,44.938640
2015,5,3,25.100000,14.500000,19.562500,86.125000,39.085682
2015,5,4,20.600000,14.200000,18.262500,75.125000,32.959748
2015,5,5,24.500000,11.000000,18.637500,74.000000,59.799756
2015,5,6,24.700000,17.400000,20.112500,79.250000,57.254660
2015,5,7,27.100000,15.900000,21.575000,83.375000,48.444686
2015,5,8,22.400000,18.000000,20.050000,89.875000,59.800419
2015,5,9,23.900000,16.700000,19.462500,85.625000,45.131710
2015,5,10,25.200000,14.800000,20.275000,83.750000,38.594380
2015,5,11,18.900000,13.100000,15.512500,89.375000,43.779295
2015,5,12,25.900000,11.000000,19.037500,64.000000,43.546771
2015,5,13,28.700000,15.300000,22.912500,68.000000,53.869647
2015,5,14,31.200000,20.600000,26.312500,76.875000,21.807266
2015,5,15,23.300000,17.200000,21.114286,90.000000,33.730407
2015,5,16,25.300000,15.000000,20.325000,74.000000,63.389143
2015,5,17,27.000000,17.400000,21.912500,77.000000,39.865285
2015,5,18,26.700000,18.600000,22.462500,87.750000,35.973482
2015,5,19,30.900000,17.100000,24.812500,71.125000,28.416987
2015,5,20,26.400000,16.200000,21.425000,52.125000,37.666563
2015,5,21,26.800000,12.000000,20.237500,53.750000,37.057512
2015,5,22,23.200000,14.500000,19.275000,67.625000,32.513063
2015,5,23,25.200000,14.200000,20.187500,66.000000,42.070781
2015,5,24,27.600000,16.000000,22.387500,63.125000,48.687415
2015,5,25,29.500000,16.600000,23.250000,59.500000,44.138615
2015,5,26,23.000000,19.700000,20.962500,79.625000,35.337608
2015,5,27,19.900000,17.900000,18.875000,89.375000,44.587886
2015,5,28,22.600000,18.100000,20.375000,88.375000,61.222531
2015,5,29,21.000000,20.400000,20.737500,93.250000,72.146249
2015,5,30,27.800000,20.300000,23.400000,79.625000,51.356600
2015,5,31,29.600000,18.400000,23.862500,67.500000,58.284568
2015,6,1,32.100000,18.100000,26.025000,65.125000,54.676286
2015,6,2,23.400000,22.000000,22.625000,89.750000,56.365507
2015,6,3,25.200000,16.500000,21.875000,72.375000,28.054502
2015,6,4,24.600000,13.800000,18.975000,64.250000,40.477439
2015,6,5,31.700000,13.000000,23.050000,65.375000,51.992135
2015,6,6,33.000000,19.400000,26.462500,55.625000,71.757566
2015,6,7,30.300000,22.100000,25.387500,60.125000,53.219272
2015,6,8,31.200000,21.000000,26.400000,57.625000,72.525779
2015,6,9,29.800000,22.800000,25.700000,67.500000,47.929759
2015,6,10,31.300000,19.900000,26.137500,68.000000,60.449175
2015,6,11,32.800000,23.700000,28.337500,42.000000,48.575422
2015,6,12,34.500000,20.300000,28.075000,43.250000,58.199118
2015,6,13,35.300000,24.300000,29.737500,44.750000,75.890028
2015,6,14,33.800000,22.900000,28.412500,47.375000,83.851190
2015,6,15,29.900000,22.300000,25.262500,73.000000,53.851274
2015,6,16,20.700000,19.900000,20.262500,93.000000,59.719561
2015,6,17,22.900000,19.500000,21.125000,86.000000,25.564741
2015,6,18,26.600000,17.500000,22.312500,79.500000,56.060845
2015,6,19,29.900000,19.100000,24.750000,73.375000,56.276263
2015,6,20,28.000000,22.500000,24.837500,76.125000,92.023940
2015,6,21,28.000000,21.600000,24.125000,69.000000,59.130885
2015,6,22,28.500000,20.200000,24.787500,75.000000,73.295852
2015,6,23,27.500000,21.600000,24.512500,80.250000,46.287794
2015,6,24,22.700000,22.200000,22.537500,93.375000,56.244572
2015,6,25,23.100000,21.500000,22.112500,94.000000,57.630564
2015,6,26,26.700000,21.300000,23.825000,85.625000,72.302901
2015,6,27,22.400000,21.300000,21.787500,93.625000,42.883175
2015,6,28,22.300000,21.200000,21.537500,93.625000,66.729822
2015,6,29,28.200000,21.300000,23.987500,93.500000,67.460729
2015,6,30,22.100000,20.300000,21.375000,93.000000,55.528099
2015,7,1,28.000000,20.400000,24.125000,84.000000,59.877103
2015,7,2,30.600000,21.700000,26.150000,79.750000,74.696765
2015,7,3,29.900000,23.500000,26.425000,79.250000,61.634187
2015,7,4,28.500000,22.700000,25.425000,69.000000,61.508797
2015,7,5,28.100000,20.500000,24.312500,70.000000,65.058113
2015,7,6,21.500000,18.000000,20.162500,77.000000,64.323983
2015,7,7,25.800000,17.800000,22.000000,76.750000,63.035281
2015,7,8,28.900000,20.000000,24.287500,74.875000,49.342613
2015,7,9,24.000000,20.500000,22.212500,90.000000,57.495187
2015,7,10,29.600000,22.700000,25.987500,84.625000,49.888755
2015,7,11,29.800000,24.300000,27.025000,77.500000,41.612580
2015,7,12,32.700000,24.000000,28.250000,72.375000,66.510151
2015,7,13,34.800000,24.800000,29.662500,72.875000,90.600850
2015,7,14,34.500000,26.400000,30.225000,70.750000,123.357967
2015,7,15,32.600000,25.200000,28.275000,79.250000,103.008303
2015,7,16,26.200000,21.900000,24.150000,91.875000,84.856732
2015,7,17,25.400000,21.800000,23.612500,85.875000,60.817172
2015,7,18,23.300000,21.800000,22.562500,93.500000,83.667251
2015,7,19,27.100000,22.300000,24.275000,89.500000,48.877693
2015,7,20,27.700000,22.600000,24.975000,86.625000,54.173678
2015,7,21,30.400000,23.200000,26.787500,85.500000,81.552831
2015,7,22,30.400000,24.300000,27.562500,84.625000,90.022671
2015,7,23,27.100000,24.600000,25.762500,91.875000,68.273524
2015,7,24,27.300000,23.900000,25.062500,91.000000,82.095766
2015,7,25,31.600000,22.700000,27.387500,82.375000,90.172749
2015,7,26,32.900000,24.700000,28.350000,83.250000,103.009274
2015,7,27,33.800000,26.600000,29.812500,79.500000,100.225900
2015,7,28,34.200000,27.200000,30.537500,74.750000,118.675131
2015,7,29,34.300000,26.200000,30.450000,72.250000,123.431619
2015,7,30,33.900000,26.400000,30.012500,73.375000,141.428717
2015,7,31,32.800000,23.600000,29.187500,74.625000,161.730781
2015,8,1,32.900000,23.700000,29.050000,80.125000,148.330482
2015,8,2,34.400000,26.500000,30.550000,72.000000,119.795389
2015,8,3,34.400000,27.000000,30.662500,71.500000,144.072343
2015,8,4,34.500000,27.000000,30.625000,73.125000,169.263697
2015,8,5,34.600000,23.900000,28.537500,80.500000,136.764859
2015,8,6,30.100000,23.600000,26.900000,80.750000,72.245859
2015,8,7,31.800000,24.900000,28.187500,83.125000,43.940812
2015,8,8,32.500000,24.900000,28.175000,80.000000,28.895466
2015,8,9,28.300000,25.000000,26.587500,87.250000,34.931814
2015,8,10,25.200000,22.500000,23.737500,93.125000,48.476559
2015,8,11,29.600000,22.900000,25.875000,80.875000,65.417760
2015,8,12,31.200000,22.500000,26.012500,84.250000,87.057098
2015,8,13,31.500000,23.200000,26.387500,82.125000,88.220504
2015,8,14,30.900000,21.600000,26.637500,77.625000,100.073819
2015,8,15,29.400000,24.200000,26.262500,81.625000,104.311409
2015,8,16,30.700000,23.900000,26.850000,79.625000,95.094801
2015,8,17,30.300000,21.400000,26.000000,79.375000,85.128222
2015,8,18,27.700000,23.800000,25.512500,82.375000,82.756319
2015,8,19,25.300000,20.900000,23.075000,91.500000,83.390732
2015,8,20,26.500000,21.900000,23.762500,91.250000,48.189644
2015,8,21,29.400000,23.100000,25.625000,86.500000,59.931186
2015,8,22,30.000000,22.100000,25.687500,82.875000,64.650918
2015,8,23,29.000000,21.300000,25.150000,81.625000,64.156972
2015,8,24,27.600000,22.800000,24.571429,82.571429,104.361664
2015,8,25,28.200000,20.300000,24.125000,80.375000,83.094409
2015,8,26,28.800000,21.600000,24.837500,79.250000,45.738010
2015,8,27,29.000000,20.900000,25.037500,78.625000,68.352339
2015,8,28,30.300000,20.100000,25.012500,79.875000,99.960454
2015,8,29,30.700000,21.200000,25.412500,76.375000,94.047406
2015,8,30,30.300000,21.100000,25.387500,75.500000,81.014965
2015,8,31,30.700000,20.600000,24.975000,81.000000,78.904739
2015,9,1,29.000000,21.300000,24.550000,75.250000,75.789874
2015,9,2,26.800000,18.900000,22.625000,78.625000,82.166392
2015,9,3,28.700000,19.200000,24.162500,77.625000,94.790746
2015,9,4,28.600000,21.000000,24.312500,86.000000,88.867967
2015,9,5,25.300000,20.700000,22.525000,87.875000,46.944604
2015,9,6,26.800000,19.200000,23.000000,84.500000,85.072854
2015,9,7,27.800000,18.900000,23.487500,77.625000,56.582964
2015,9,8,28.600000,19.500000,23.575000,75.250000,70.217267
2015,9,9,27.400000,18.300000,22.925000,74.375000,78.762307
2015,9,10,27.600000,18.200000,22.700000,75.375000,63.027818
2015,9,11,24.600000,18.600000,21.687500,82.000000,71.555577
2015,9,12,26.000000,14.300000,20.225000,65.250000,74.296155
2015,9,13,23.900000,11.800000,17.987500,69.250000,60.193926
2015,9,14,26.900000,14.500000,20.425000,70.625000,68.173904
2015,9,15,25.200000,18.000000,21.350000,80.625000,55.623696
2015,9,16,27.800000,17.300000,21.450000,76.750000,77.146205
2015,9,17,25.400000,17.400000,20.987500,78.750000,71.835302
2015,9,18,27.200000,16.100000,22.137500,72.875000,81.540723
2015,9,19,27.900000,19.700000,23.300000,69.875000,68.073033
2015,9,20,28.800000,19.100000,23.075000,71.500000,64.231282
2015,9,21,28.400000,16.200000,22.337500,71.500000,66.091143
2015,9,22,26.100000,18.900000,22.012500,85.750000,51.457201
2015,9,23,25.800000,19.200000,21.837500,84.875000,59.388528
2015,9,24,25.700000,18.800000,21.212500,86.500000,92.674503
2015,9,25,27.100000,19.300000,22.600000,80.000000,77.616856
2015,9,26,27.500000,19.400000,22.625000,82.750000,75.561876
2015,9,27,27.800000,18.300000,22.200000,72.875000,91.967898
2015,9,28,28.200000,17.200000,22.125000,72.500000,76.968611
2015,9,29,25.900000,19.000000,21.612500,79.875000,80.442249
2015,9,30,21.000000,19.000000,20.025000,97.750000,84.760544
2015,10,1,22.800000,11.800000,19.175000,65.000000,85.017063
2015,10,2,24.700000,9.800000,17.200000,65.875000,71.871306
2015,10,3,26.800000,14.400000,20.400000,63.000000,77.524960
2015,10,4,22.000000,17.400000,19.900000,83.125000,68.931914
2015,10,5,26.800000,17.300000,21.250000,78.250000,82.025590
2015,10,6,24.400000,15.900000,20.425000,83.750000,70.809483
2015,10,7,19.300000,15.900000,18.037500,97.250000,76.219569
2015,10,8,20.800000,15.800000,18.037500,85.875000,100.461390
2015,10,9,21.600000,13.400000,16.475000,60.625000,94.977969
2015,10,10,22.000000,9.500000,15.712500,58.375000,73.075965
2015,10,11,21.300000,7.200000,14.300000,59.000000,101.745429
2015,10,12,23.600000,7.700000,15.100000,63.125000,71.813099
2015,10,13,25.800000,10.000000,17.325000,56.250000,65.801208
2015,10,14,26.800000,11.600000,18.475000,55.250000,105.436253
2015,10,15,26.000000,14.700000,20.983333,60.666667,91.445048
2015,10,16,26.500000,11.400000,18.412500,74.250000,97.966877
2015,10,17,27.500000,13.900000,19.475000,72.125000,96.783286
2015,10,18,26.300000,12.400000,18.850000,67.625000,99.224805
2015,10,19,24.100000,13.400000,18.250000,72.375000,98.601764
2015,10,20,25.400000,13.800000,18.775000,69.750000,95.922721
2015,10,21,25.700000,13.400000,19.025000,75.375000,95.889763
2015,10,22,23.000000,14.200000,18.162500,81.125000,89.926859
2015,10,23,22.800000,16.500000,19.125000,85.375000,91.836166
2015,10,24,25.700000,13.800000,19.150000,79.375000,94.742416
2015,10,25,22.100000,17.100000,19.350000,77.125000,87.993644
2015,10,26,17.600000,13.500000,15.650000,89.625000,99.235964
2015,10,27,18.300000,9.900000,13.275000,65.875000,108.442996
2015,10,28,18.600000,8.700000,13.737500,67.875000,106.520524
2015,10,29,18.700000,12.900000,15.000000,71.250000,84.895493
2015,10,30,15.400000,10.700000,13.137500,53.500000,89.006670
2015,10,31,15.000000,7.800000,11.537500,58.625000,115.623120
2015,11,1,14.900000,6.300000,9.825000,69.875000,152.983801
2015,11,2,18.900000,4.200000,10.987500,67.000000,75.379752
2015,11,3,20.200000,6.400000,13.275000,60.500000,90.610372
2015,11,4,18.000000,10.500000,14.650000,76.625000,95.843648
2015,11,5,23.500000,13.300000,17.712500,80.750000,91.952276
2015,11,6,20.500000,7.600000,15.737500,95.625000,119.064401
2015,11,7,6.900000,5.700000,6.250000,95.875000,121.810311
2015,11,8,8.900000,6.200000,7.487500,91.625000,126.173377
2015,11,9,11.300000,8.100000,9.437500,79.875000,83.901076
2015,11,10,13.000000,6.400000,9.637500,78.875000,112.047883
2015,11,11,15.000000,9.500000,12.037500,74.500000,90.247969
2015,11,12,11.600000,11.000000,11.225000,90.125000,112.276500
2015,11,13,13.400000,8.800000,11.112500,91.125000,136.651889
2015,11,14,17.100000,7.300000,11.862500,83.375000,96.828782
2015,11,15,16.800000,7.300000,12.437500,86.375000,122.481047
2015,11,16,14.300000,11.800000,13.037500,90.875000,102.480006
2015,11,17,13.600000,10.900000,12.075000,87.125000,96.881423
2015,11,18,9.900000,8.000000,9.162500,88.750000,117.839100
2015,11,19,10.000000,9.200000,9.600000,94.000000,102.040814
2015,11,20,12.600000,9.700000,11.262500,91.125000,123.296846
2015,11,21,14.000000,11.800000,12.837500,93.625000,141.085829
2015,11,22,15.200000,7.400000,12.050000,98.000000,128.448877
2015,11,23,7.900000,4.600000,6.512500,98.250000,118.296926
2015,11,24,3.700000,-0.300000,1.200000,95.625000,138.798594
2015,11,25,0.100000,-1.800000,-0.575000,91.125000,138.715308
2015,11,26,0.100000,-4.300000,-2.587500,76.750000,136.452444
2015,11,27,6.700000,-5.900000,-0.012500,71.500000,146.153903
2015,11,28,12.000000,-0.600000,5.900000,73.500000,113.593698
2015,11,29,14.800000,4.400000,8.225000,79.500000,160.603652
2015,11,30,6.800000,2.300000,4.937500,94.875000,122.632398
2015,12,1,11.700000,6.500000,9.012500,87.250000,122.759066
2015,12,2,11.600000,1.600000,7.412500,76.125000,126.032461
2015,12,3,9.000000,-1.600000,4.337500,48.875000,100.324009
2015,12,4,9.200000,-2.200000,2.850000,62.250000,148.067512
2015,12,5,6.500000,0.800000,3.712500,72.125000,104.898540
2015,12,6,9.600000,0.000000,4.137500,72.500000,133.498500
2015,12,7,12.100000,-0.900000,4.812500,75.500000,148.525543
2015,12,8,13.100000,1.200000,6.887500,77.125000,131.746094
2015,12,9,11.200000,5.300000,8.087500,87.500000,130.062789
2015,12,10,9.800000,7.400000,8.662500,86.875000,100.697535
2015,12,11,8.600000,1.800000,6.042857,72.428571,96.009213
2015,12,12,8.400000,2.100000,4.687500,76.625000,114.589823
2015,12,13,7.700000,2.400000,5.400000,71.500000,151.014222
2015,12,14,8.700000,1.200000,4.087500,79.625000,122.195146
2015,12,15,8.300000,1.500000,4.587500,67.125000,120.250027
2015,12,16,4.900000,-3.300000,1.125000,52.000000,130.390443
2015,12,17,5.600000,-4.800000,-0.512500,54.875000,146.062263
2015,12,18,7.100000,-6.200000,0.087500,52.000000,146.022012
2015,12,19,6.600000,-2.300000,2.537500,61.250000,182.540170
2015,12,20,6.100000,-0.200000,3.237500,78.250000,146.095143
2015,12,21,9.600000,-4.800000,3.412500,76.500000,159.770419
2015,12,22,7.300000,5.000000,5.712500,93.750000,206.167749
2015,12,23,6.700000,4.800000,5.725000,98.250000,131.942067
2015,12,24,7.500000,5.300000,7.000000,97.000000,158.498812
2015,12,25,10.000000,2.100000,5.137500,77.000000,134.673891
2015,12,26,13.500000,2.300000,6.612500,69.625000,138.154869
2015,12,27,4.600000,2.100000,3.337500,83.500000,174.723625
2015,12,28,6.600000,-0.300000,2.262500,78.125000,150.518954
2015,12,29,8.000000,-2.500000,2.312500,80.250000,135.885037
2015,12,30,8.500000,-1.300000,3.062500,80.125000,146.671639
2015,12,31,9.900000,-3.600000,1.787500,76.500000,145.971264
2016,1,1,11.100000,-1.500000,4.900000,67.875000,177.945698
2016,1,2,15.300000,4.100000,8.787500,64.000000,140.556895
2016,1,3,15.900000,3.600000,9.087500,78.500000,148.471741
2016,1,4,8.400000,3.100000,6.000000,93.750000,163.822806
2016,1,5,6.400000,5.600000,5.912500,88.875000,171.243707
2016,1,6,7.900000,4.100000,6.075000,83.000000,151.786077
2016,1,7,4.800000,0.600000,3.150000,70.000000,146.902025
2016,1,8,5.600000,-3.200000,0.787500,83.250000,150.151499
2016,1,9,5.100000,-1.200000,1.600000,91.625000,192.459736
2016,1,10,8.400000,2.900000,5.637500,78.375000,161.666766
2016,1,11,5.700000,-1.100000,2.662500,88.000000,179.603523
2016,1,12,0.100000,-2.200000,-1.200000,82.500000,150.277331
2016,1,13,2.200000,-4.100000,-0.925000,87.125000,181.169013
2016,1,14,6.900000,-3.200000,0.662500,79.000000,157.371476
2016,1,15,9.800000,-5.000000,1.862500,69.625000,154.298787
2016,1,16,10.600000,-2.600000,4.375000,63.000000,147.078800
2016,1,17,8.100000,1.400000,4.050000,71.625000,137.527220
2016,1,18,2.300000,-4.300000,-0.237500,70.500000,136.646960
2016,1,19,4.200000,-6.300000,-1.800000,61.000000,171.263041
2016,1,20,3.400000,-1.800000,0.587500,56.500000,181.179612
2016,1,21,1.300000,-1.500000,-0.062500,80.375000,172.132294
2016,1,22,1.800000,-2.400000,-0.200000,81.000000,202.463423
2016,1,23,0.000000,-7.500000,-4.587500,59.375000,230.601234
2016,1,24,0.000000,-10.900000,-7.800000,39.125000,242.923951
2016,1,25,1.900000,-9.700000,-4.162500,50.000000,212.451104
2016,1,26,7.100000,-6.200000,0.362500,50.250000,208.445699
2016,1,27,9.800000,-2.600000,3.825000,49.125000,191.990986
2016,1,28,3.500000,2.600000,3.187500,83.875000,195.946520
2016,1,29,3.600000,0.800000,2.337500,90.500000,244.047239
2016,1,30,4.200000,0.000000,2.025000,79.500000,196.839392
2016,1,31,0.200000,-3.300000,-1.187500,84.875000,222.103528
2016,2,1,0.700000,-6.200000,-2.687500,80.125000,233.077663
2016,2,2,4.300000,-5.300000,-1.100000,74.625000,246.301746
2016,2,3,7.500000,-5.300000,0.675000,67.500000,215.495207
2016,2,4,7.800000,-3.400000,1.700000,65.375000,200.764628
2016,2,5,8.800000,-3.800000,2.337500,63.750000,227.531127
2016,2,6,7.300000,-2.400000,2.287500,45.625000,268.820191
2016,2,7,10.200000,-2.300000,2.662500,49.125000,328.519422
2016,2,8,17.200000,0.000000,8.175000,47.625000,248.328960
2016,2,9,21.500000,1.400000,10.125000,57.375000,186.588682
2016,2,10,20.700000,6.100000,13.800000,53.500000,179.546032
2016,2,11,17.000000,10.200000,13.185714,79.571429,168.654722
2016,2,12,17.700000,10.300000,13.425000,93.000000,161.798206
2016,2,13,12.400000,2.900000,6.112500,87.500000,162.633191
2016,2,14,4.100000,-0.600000,1.600000,53.750000,157.957211
2016,2,15,4.900000,-4.100000,0.687500,51.375000,159.484203
2016,2,16,8.200000,-2.700000,2.450000,51.875000,161.412446
2016,2,17,12.100000,-3.100000,4.462500,53.250000,159.698377
2016,2,18,14.400000,1.700000,7.600000,54.500000,172.161226
2016,2,19,11.900000,4.000000,8.050000,52.125000,150.947471
2016,2,20,10.500000,-1.000000,4.650000,51.750000,154.577686
2016,2,21,9.300000,-2.300000,3.800000,69.875000,164.185846
2016,2,22,8.200000,4.400000,5.975000,87.750000,163.861048
2016,2,23,10.100000,2.700000,6.000000,79.000000,134.010035
2016,2,24,9.500000,-0.300000,4.012500,72.875000,136.713120
2016,2,25,13.700000,0.000000,6.285714,61.857143,145.369475
2016,2,26,16.100000,5.400000,9.525000,56.500000,130.605636
2016,2,27,18.400000,5.400000,11.612500,66.125000,138.801121
2016,2,28,12.100000,4.400000,8.637500,64.125000,139.169574
2016,2,29,11.100000,-1.500000,4.450000,61.250000,110.874213
2016,3,1,14.200000,-0.500000,6.525000,60.125000,121.075362
2016,3,2,16.900000,4.700000,10.350000,65.375000,119.448940
2016,3,3,21.600000,10.700000,15.037500,69.500000,123.546043
2016,3,4,21.500000,11.500000,16.350000,70.250000,120.878590
2016,3,5,15.900000,9.100000,12.837500,78.625000,136.891417
2016,3,6,17.700000,5.500000,11.625000,78.625000,120.871999
2016,3,7,15.100000,9.200000,12.100000,84.000000,105.915890
2016,3,8,10.000000,3.400000,5.350000,86.125000,110.266395
2016,3,9,5.200000,0.900000,3.350000,62.375000,147.598797
2016,3,10,8.300000,2.800000,5.137500,55.500000,140.931043
2016,3,11,11.200000,1.200000,5.212500,63.250000,154.756790
2016,3,12,12.400000,1.800000,8.137500,61.250000,135.407261
2016,3,13,12.800000,4.900000,9.012500,70.875000,136.458015
2016,3,14,14.400000,1.800000,8.250000,70.125000,135.492633
2016,3,15,13.700000,4.400000,9.312500,65.250000,123.045889
2016,3,16,17.500000,3.000000,10.587500,64.500000,105.330169
2016,3,17,16.200000,9.800000,11.900000,79.500000,140.954941
2016,3,18,18.900000,7.100000,13.162500,84.500000,123.791707
2016,3,19,21.400000,12.100000,15.637500,79.750000,168.995531
2016,3,20,19.500000,10.500000,13.812500,66.375000,187.098764
2016,3,21,17.400000,6.400000,11.537500,52.750000,190.786653
2016,3,22,15.300000,5.900000,10.625000,82.000000,164.342867
2016,3,23,13.900000,8.400000,10.612500,61.750000,174.384783
2016,3,24,12.400000,3.900000,8.312500,39.625000,203.527074
2016,3,25,14.400000,2.800000,8.950000,54.750000,178.550537
2016,3,26,13.600000,1.700000,7.325000,73.000000,173.539965
2016,3,27,17.000000,3.000000,9.837500,69.875000,167.006416
2016,3,28,21.400000,6.500000,14.512500,50.875000,154.994711
2016,3,29,20.400000,12.900000,15.875000,60.000000,173.513653
2016,3,30,20.900000,11.100000,15.450000,74.375000,143.768661
2016,3,31,20.100000,10.800000,14.712500,82.000000,152.816481
2016,4,1,25.100000,10.400000,18.312500,70.625000,148.765887
2016,4,2,22.400000,12.600000,18.062500,79.500000,140.629946
2016,4,3,12.000000,10.500000,11.087500,79.125000,139.185356
2016,4,4,19.000000,9.500000,13.937500,62.500000,137.615496
2016,4,5,17.600000,12.700000,14.500000,78.875000,118.597779
2016,4,6,11.100000,9.500000,10.362500,97.500000,139.142312
2016,4,7,20.100000,9.300000,14.450000,91.500000,133.201947
2016,4,8,23.400000,11.600000,17.487500,84.500000,117.566389
2016,4,9,26.000000,14.400000,19.862500,78.125000,136.310974
2016,4,10,26.400000,14.200000,20.312500,68.375000,149.896031
2016,4,11,20.300000,13.800000,16.600000,80.625000,135.183968
2016,4,12,24.100000,12.600000,18.650000,77.875000,112.682247
2016,4,13,26.100000,15.100000,20.550000,77.250000,126.099120
2016,4,14,27.900000,15.500000,21.750000,71.625000,138.198405
2016,4,15,25.900000,15.600000,20.650000,58.750000,106.293467
2016,4,16,17.500000,12.300000,15.362500,85.375000,142.882651
2016,4,17,15.200000,8.900000,12.212500,84.250000,111.242760
2016,4,18,22.000000,9.800000,15.662500,72.750000,103.760675
2016,4,19,24.500000,12.600000,18.650000,64.875000,96.933642
2016,4,20,16.000000,14.600000,15.250000,93.375000,114.724023
2016,4,21,23.400000,14.500000,18.287500,88.750000,112.461423
2016,4,22,26.200000,15.600000,20.950000,81.750000,128.781274
2016,4,23,19.100000,15.700000,17.500000,85.875000,132.833702
2016,4,24,20.900000,14.000000,17.575000,78.250000,140.745692
2016,4,25,22.000000,14.800000,17.737500,75.375000,114.298682
2016,4,26,15.900000,12.300000,14.412500,92.625000,146.972282
2016,4,27,18.700000,11.900000,14.550000,79.125000,138.243123
2016,4,28,23.100000,10.300000,17.050000,77.875000,124.874984
2016,4,29,24.800000,10.400000,18.312500,73.625000,130.676935
2016,4,30,28.800000,14.000000,22.512500,66.000000,149.015691
2016,5,1,27.700000,18.300000,23.512500,71.500000,153.114677
2016,5,2,23.100000,15.500000,20.137500,92.125000,168.375280
2016,5,3,23.700000,12.800000,17.700000,69.000000,153.098980
2016,5,4,28.400000,12.500000,21.762500,63.875000,142.318534
2016,5,5,27.900000,20.200000,24.225000,74.375000,125.881800
2016,5,6,28.800000,19.800000,22.725000,78.625000,157.404198
2016,5,7,18.500000,16.700000,17.875000,60.875000,145.554976
2016,5,8,16.400000,13.700000,15.137500,71.750000,151.566339
2016,5,9,18.300000,13.700000,15.362500,88.750000,147.286146
2016,5,10,21.300000,12.900000,17.112500,73.625000,153.592315
2016,5,11,27.500000,11.800000,20.762500,74.125000,131.224853
2016,5,12,30.400000,17.300000,23.137500,61.500000,155.358465
2016,5,13,20.700000,15.800000,17.800000,67.375000,128.637195
2016,5,14,26.900000,15.400000,19.875000,79.875000,149.283451
2016,5,15,17.500000,13.200000,15.125000,93.125000,155.134455
2016,5,16,25.600000,10.400000,18.037500,70.125000,155.240538
2016,5,17,26.000000,12.600000,19.700000,60.000000,122.802658
2016,5,18,23.800000,12.800000,18.837500,63.625000,137.298898
2016,5,19,27.900000,13.500000,21.137500,66.250000,136.209407
2016,5,20,23.000000,16.600000,19.562500,82.750000,168.700964
2016,5,21,17.100000,15.500000,15.962500,94.125000,152.000025
2016,5,22,21.600000,15.500000,18.687500,77.375000,145.056808
2016,5,23,20.900000,16.900000,18.700000,83.125000,149.083027
2016,5,24,26.800000,16.400000,21.325000,72.125000,135.362627
2016,5,25,30.100000,15.600000,23.425000,69.000000,112.427566
2016,5,26,28.300000,18.800000,23.725000,63.125000,145.576841
2016,5,27,18.300000,15.300000,16.587500,96.250000,166.593831
2016,5,28,18.900000,15.100000,16.912500,96.250000,152.350098
2016,5,29,25.200000,16.800000,20.650000,83.500000,163.297646
2016,5,30,28.000000,16.400000,22.512500,78.375000,139.768080
2016,5,31,29.100000,20.400000,23.850000,86.375000,146.381864
2016,6,1,25.000000,19.600000,21.512500,86.000000,165.646533
2016,6,2,20.400000,18.700000,19.325000,81.000000,149.602850
2016,6,3,20.500000,17.000000,18.700000,93.250000,154.169883
2016,6,4,25.400000,17.300000,20.562500,81.125000,170.721138
2016,6,5,26.900000,16.300000,21.087500,83.875000,159.166905
2016,6,6,22.100000,18.900000,20.350000,94.000000,152.399009
2016,6,7,25.900000,19.500000,22.237500,83.125000,145.717633
2016,6,8,26.400000,19.900000,22.462500,84.750000,160.996729
2016,6,9,25.700000,17.900000,21.800000,86.750000,167.708696
2016,6,10,28.000000,19.500000,23.562500,86.000000,161.029858
2016,6,11,30.700000,21.300000,26.425000,82.250000,184.985121
2016,6,12,29.400000,22.800000,24.937500,83.000000,200.736293
2016,6,13,30.900000,20.400000,25.887500,76.625000,187.329930
2016,6,14,32.600000,22.400000,27.650000,72.500000,183.253125
2016,6,15,27.600000,22.200000,24.487500,72.500000,162.648920
2016,6,16,30.200000,17.800000,24.450000,69.125000,165.120764
2016,6,17,32.800000,20.100000,26.875000,61.125000,168.701163
2016,6,18,33.200000,21.700000,28.175000,64.250000,196.388445
2016,6,19,32.800000,23.900000,27.637500,79.625000,225.930224
2016,6,20,31.000000,21.500000,26.425000,81.875000,210.390842
2016,6,21,25.900000,24.200000,25.275000,99.000000,211.391024
2016,6,22,32.600000,25.100000,28.687500,87.875000,248.606234
2016,6,23,34.000000,26.300000,29.625000,84.500000,297.262076
2016,6,24,24.600000,22.500000,23.450000,93.625000,208.942520
2016,6,25,23.700000,20.700000,22.187500,87.000000,188.564987
2016,6,26,28.100000,18.400000,23.562500,83.875000,167.894786
2016,6,27,21.600000,18.500000,19.675000,92.875000,159.215162
2016,6,28,24.900000,18.500000,21.662500,93.375000,170.659965
2016,6,29,30.500000,21.100000,25.912500,83.875000,194.350950
2016,6,30,31.000000,24.500000,27.800000,86.625000,206.322367
2016,7,1,24.300000,22.600000,23.450000,96.250000,195.250458
2016,7,2,26.200000,21.300000,23.575000,91.500000,166.883776
2016,7,3,29.200000,23.200000,25.862500,86.750000,181.604427
2016,7,4,23.500000,21.400000,22.412500,94.125000,150.087725
2016,7,5,27.000000,20.900000,23.825000,87.000000,162.040037
2016,7,6,28.800000,22.500000,25.362500,89.625000,184.340919
2016,7,7,28.000000,24.100000,25.787500,92.125000,188.818113
2016,7,8,31.300000,23.900000,27.662500,85.000000,238.974347
2016,7,9,30.400000,24.100000,27.200000,84.750000,268.774536
2016,7,10,28.200000,24.700000,26.150000,87.500000,225.235101
2016,7,11,29.500000,24.700000,26.425000,88.875000,234.471123
2016,7,12,31.300000,24.700000,28.087500,84.625000,253.156567
2016,7,13,27.500000,25.600000,26.700000,90.125000,235.352533
2016,7,14,31.200000,24.900000,27.462500,89.875000,248.624246
2016,7,15,29.200000,22.100000,24.800000,91.625000,245.637507
2016,7,16,27.300000,21.200000,24.257143,85.714286,203.324110
2016,7,17,31.300000,22.400000,27.400000,83.375000,227.277568
2016,7,18,30.200000,25.400000,27.025000,90.375000,285.072664
2016,7,19,29.600000,25.200000,27.437500,89.750000,224.904719
2016,7,20,32.800000,25.600000,29.187500,79.000000,237.779702
2016,7,21,33.000000,23.900000,28.937500,82.625000,258.344310
2016,7,22,35.000000,27.700000,31.087500,77.500000,356.837635
2016,7,23,35.200000,27.000000,31.487500,77.250000,464.046963
2016,7,24,36.400000,28.200000,32.050000,74.500000,466.204268
2016,7,25,37.000000,27.800000,32.250000,74.500000,509.727654
2016,7,26,36.500000,28.500000,32.575000,76.625000,519.470075
2016,7,27,34.900000,25.200000,30.562500,80.000000,498.198697
2016,7,28,36.000000,28.300000,31.987500,74.000000,522.287026
2016,7,29,37.000000,28.600000,32.525000,75.500000,596.850082
2016,7,30,38.100000,28.400000,32.237500,73.500000,579.225397
2016,7,31,36.100000,27.100000,31.287500,76.750000,576.499853
2016,8,1,34.500000,26.800000,30.600000,76.000000,518.034093
2016,8,2,35.000000,26.800000,30.162500,77.875000,489.834337
2016,8,3,28.400000,24.600000,26.450000,87.375000,324.689816
2016,8,4,29.700000,24.400000,26.050000,91.375000,314.120271
2016,8,5,30.300000,24.500000,26.987500,88.750000,282.759821
2016,8,6,31.000000,24.700000,27.425000,86.875000,311.265106
2016,8,7,31.500000,25.400000,27.250000,90.125000,300.668494
2016,8,8,31.600000,25.400000,28.587500,84.250000,277.351274
2016,8,9,32.600000,25.800000,28.775000,81.750000,317.629720
2016,8,10,31.300000,26.100000,28.387500,88.250000,333.221662
2016,8,11,34.300000,27.200000,30.362500,83.875000,367.708140
2016,8,12,34.200000,25.600000,30.137500,82.875000,423.886260
2016,8,13,35.300000,27.400000,31.100000,81.500000,505.671775
2016,8,14,35.200000,27.500000,31.037500,78.250000,524.134581
2016,8,15,34.400000,26.300000,30.112500,78.625000,497.975801
2016,8,16,34.200000,26.500000,29.850000,80.375000,501.271057
2016,8,17,33.800000,25.900000,29.600000,78.875000,455.083018
2016,8,18,34.900000,25.000000,29.887500,77.375000,493.454059
2016,8,19,36.500000,27.300000,31.575000,78.000000,541.026636
2016,8,20,29.300000,25.900000,27.100000,91.250000,364.585094
2016,8,21,30.400000,26.000000,27.700000,85.000000,316.095267
2016,8,22,31.800000,26.400000,28.525000,87.500000,296.568203
2016,8,23,31.800000,26.200000,28.462500,84.125000,318.516524
2016,8,24,33.600000,24.400000,28.462500,74.000000,341.371846
2016,8,25,34.500000,23.200000,28.512500,70.750000,327.012233
2016,8,26,24.100000,20.500000,22.425000,73.625000,201.127976
